sample	A_allele1	A_allele1_count	A_allele1_tpm	A_allele2	A_allele2_count	A_allele2_tpm	A_baf	B_allele1	B_allele1_count	B_allele1_tpm	B_allele2	B_allele2_count	B_allele2_tpm	B_baf	C_allele1	C_allele1_count	C_allele1_tpm	C_allele2	C_allele2_count	C_allele2_tpm	C_baf	DPB1_allele1	DPB1_allele1_count	DPB1_allele1_tpm	DPB1_allele2	DPB1_allele2_count	DPB1_allele2_tpm	DPB1_baf	DQA1_allele1	DQA1_allele1_count	DQA1_allele1_tpm	DQA1_allele2	DQA1_allele2_count	DQA1_allele2_tpm	DQA1_baf	DQB1_allele1	DQB1_allele1_count	DQB1_allele1_tpm	DQB1_allele2	DQB1_allele2_count	DQB1_allele2_tpm	DQB1_baf	DRB1_allele1	DRB1_allele1_count	DRB1_allele1_tpm	DRB1_allele2	DRB1_allele2_count	DRB1_allele2_tpm	DRB1_baf	DRB3_allele1	DRB3_allele1_count	DRB3_allele1_tpm	DRB3_allele2	DRB3_allele2_count	DRB3_allele2_tpm	DRB3_baf
CATCAAGTAGCACCTCAATGTTGC								B*40:02	0.0	4871.0	B*40:02	0.0	4871.0	0.0															DQA1*02:01	6.0	91913.0	DQA1*03:03	1.0	15238.0	0.14285714285714285																					
ACGTATCACAGATCTGCATACCAA								B*51:01	0.0	0.0	B*40:01	0.0	0.0	0.0	C*15:02	0.0	0.0	C*15:02	0.0	0.0	0.0								DQA1*06:01	0.0	30885.0	DQA1*06:01	0.0	30885.0	0.0																					
CGAACTTATGAAGAGACTGAGCCA	A*01:01	0.0	0.0	A*11:01	4.0	13157.0	0.0	B*08:01	0.0	0.0	B*54:01	3.0	9967.0	0.0	C*05:01	2.0	6556.0	C*02:87	0.0	0.0	0.0															DQB1*03:276N	0.0	2945.0	DQB1*03:276N	0.0	2945.0	0.0														
ATTGAGGAAACAACCAAACAACCA	A*02:19	1.0	715.0	A*02:804	0.0		0.0	B*52:01	6.0	4334.0	B*51:193	0.0	0.0	0.0	C*05:01	1.0	713.0	C*18:02	2.0	1426.0	0.3333333333333333								DQA1*05:05	6.0	6473.0	DQA1*05:05	6.0	6473.0	0.5	DQB1*03:276N	2.0	1921.0	DQB1*03:276N	2.0	1921.0	0.5														
CAAGGAGCACAGCAGAACCACTGT	A*30:01	1.0	1184.0	A*30:01	1.0	1184.0	0.5	B*13:02	4.0	4277.0	B*54:01	4.0	4472.0	0.5	C*03:04	896.0	950384.0	C*08:206	0.0		0.0																																			
CAATGGAAATCCTGTAAGCACCTC	A*02:01	0.0	0.0	A*68:01	0.0	0.0	0.0	B*40:01	0.0	0.0	B*44:02	0.0	0.0	0.0															DQA1*03:01	0.0	0.0	DQA1*03:03	0.0	0.0	0.0																					
TCCGTCTAACACAGAAAGAGTCAA	A*24:443	0.0		A*30:01	2.0	20231.0	0.0	B*35:01	0.0	0.0	B*51:01	0.0	0.0	0.0	C*01:126	1.0	10082.0	C*02:02	6.0	60492.0	0.14285714285714285								DQA1*03:03	1.0	21310.0	DQA1*03:04	1.0	10655.0	0.5	DQB1*03:276N	0.0	9058.0	DQB1*03:276N	0.0	9058.0	0.0														
AGCAGGAAACGTATCAAGCAGGAA	A*02:01	1.0	5921.0	A*68:01	0.0	1974.0	0.0	B*40:01	0.0	0.0	B*44:02	0.0	0.0	0.0																						DQB1*03:276N	0.0	7070.0	DQB1*03:276N	0.0	7070.0	0.0														
TGAAGAGAACACAGAATGGAACAA	A*02:01	3.0	4528.0	A*02:06	1.0	932.0	0.25	B*55:02	4.0	5515.0	B*40:01	1.0	1379.0	0.2	C*15:02	0.0	0.0	C*15:02	0.0	0.0	0.0								DQA1*03:02	161.0	346300.0	DQA1*03:03	161.0	346300.0	0.5	DQB1*03:01	0.0	0.0	DQB1*03:116	0.0	0.0	0.0														
CCATCCTCTCCGTCTAGGTGCGAA								B*40:01	0.0	0.0	B*44:02	0.0	0.0	0.0																																										
CCTAATCCATTGGCTCTCCGTCTA	A*02:48	2.0	8370.0	A*24:33	2.0	8370.0	0.5	B*18:135	1.0	4227.0	B*08:01	0.0	0.0	0.0	C*08:01	3.0	12513.0	C*03:02	2.0	8342.0	0.4															DQB1*03:276N	1.0	7494.0	DQB1*03:276N	1.0	7494.0	0.5														
ACAAGCTAGAGTTAGCAACGTGAT	A*68:159Q	0.0	0.0	A*68:159Q	0.0	0.0	0.0																																																	
TATCAGCAGTCGTAGAACACAGAA								B*58:31N	1.0	13516.0	B*58:31N	1.0	13516.0	0.5	C*12:03	11.0	191100.0	C*12:03	11.0	191100.0	0.5								DQA1*02:01	0.0	0.0	DQA1*02:01	0.0	0.0	0.0																					
CGCTGATCCTGAGCCAGGTGCGAA	A*30:01	18.0	82082.0	A*30:01	18.0	82082.0	0.5	B*08:01	0.0	0.0	B*51:230	2.0	9219.0	0.0	C*06:02	1.0	4674.0	C*03:04	0.0	0.0	0.0								DQA1*03:01	0.0	2403.0	DQA1*03:03	1.0	4807.0	0.0	DQB1*03:276N	0.0	4086.0	DQB1*03:276N	0.0	4086.0	0.0														
CAAGACTAGGTGCGAAAATCCGTC	A*02:48	5.0	9054.0	A*24:33	5.0	9054.0	0.5	B*44:13	3.0	6065.0	B*54:01	5.0	10371.0	0.375	C*03:04	353.0	703145.0	C*02:02	12.0	24534.0	0.03287671232876712																																			
ATTGGCTCTGGTGGTAACAGATTC	A*24:353	21.0	50216.0	A*24:310	0.0		0.0	B*15:01	2.0	4723.0	B*54:01	29.0	68610.0	0.06451612903225806	C*04:01	40.0	94297.0	C*04:01	40.0	94297.0	0.5								DQA1*03:01	2.0	7387.0	DQA1*03:03	2.0	7387.0	0.5	DQB1*02:02	1.0	3440.0	DQB1*02:02	1.0	3440.0	0.5														
CTGTAGCCGTCTGTCAATCCTGTA	A*02:675N	0.0	5024.0	A*02:715N	0.0	5024.0	0.0	B*40:384	1.0	10138.0	B*08:01	0.0	0.0	0.0	C*03:04	8.0	78028.0	C*03:290	18.0	182066.0	0.3076923076923077								DQA1*05:05	0.0	7971.0	DQA1*05:08	0.0	7971.0	0.0																					
CATACCAAGTCGTAGAACAAGCTA	A*02:01	4.0	31596.0	A*02:01	4.0	31596.0	0.5	B*58:31N	0.0	4680.0	B*58:31N	0.0	4680.0	0.0	C*06:16N	2.0	13526.0	C*06:16N	2.0	13526.0	0.5																																			
AGTCACTATGGTGGTAAGATGTAC	A*02:01	1.0	8374.0	A*02:06	0.0	1226.0	0.0	B*13:07N	0.0		B*46:01	1.0	9697.0	0.0	C*01:02	0.0	0.0	C*03:04	0.0	0.0	0.0								DQA1*05:05	1.0	15248.0	DQA1*05:08	1.0	15248.0	0.5																					
TAGGATGACTGGCATAAGCAGGAA	A*02:10	2.0	11936.0	A*02:242	2.0	11936.0	0.5	B*13:07N	0.0		B*54:01	4.0	19290.0	0.0	C*08:73	47.0	223644.0	C*08:73	47.0	223644.0	0.5								DQA1*02:01	1.0	7583.0	DQA1*02:01	1.0	7583.0	0.5	DQB1*03:276N	0.0	4275.0	DQB1*03:276N	0.0	4275.0	0.0														
ACAGCAGAAATGTTGCTCTTCACA															C*05:01	6.0	70270.0	C*05:01	6.0	70270.0	0.5								DQA1*02:01	0.0	0.0	DQA1*02:01	0.0	0.0	0.0	DQB1*03:276N	0.0	9712.0	DQB1*03:276N	0.0	9712.0	0.0														
AGTCACTAGGAGAACAAGATGTAC	A*24:418	636.0	476880.0	A*24:418	636.0	476880.0	0.5	B*46:01	4.0	3027.0	B*46:01	4.0	3027.0	0.5	C*17:04	1.0	854.0	C*18:01	6.0	4372.0	0.14285714285714285															DQB1*02:02	2.0	2205.0	DQB1*03:276N	2.0	2684.0	0.5														
GATAGACAAGCCATGCACCTCCAA	A*02:01	0.0	0.0	A*24:02	0.0	0.0	0.0	B*51:193	1.0	3542.0	B*51:193	1.0	3542.0	0.5															DQA1*02:01	0.0	0.0	DQA1*02:01	0.0	0.0	0.0																					
ACAGCAGAAGTCACTAAAGACGGA	A*24:418	429.0	423085.0	A*24:418	429.0	423085.0	0.5	B*13:01	1.0	995.0	B*13:02	3.0	2986.0	0.25	C*06:02	3.0	2460.0	C*02:02	3.0	2460.0	0.5								DQA1*03:01	0.0	778.0	DQA1*03:03	0.0	778.0	0.0	DQB1*02:53Q	0.0	728.0	DQB1*02:53Q	0.0	728.0	0.0														
GACAGTGCGCCAAGACGGAGAACA								B*08:01	2.0	10268.0	B*13:02	2.0	10268.0	0.5																																										
AACGTGATAACCGAGACAAGACTA	A*02:01	0.0	0.0	A*68:01	0.0	0.0	0.0	B*44:02	1.0	5241.0	B*44:02	1.0	5241.0	0.5																																										
AACAACCAGAATCTGACTCAATGA								B*35:01	0.0	16645.0	B*51:01	1.0	19205.0	0.0	C*03:372	0.0	0.0	C*03:372	0.0	0.0	0.0																																			
CGACACACATCCTGTAGCGAGTAA	A*02:01	1.0	4014.0	A*01:01	0.0	0.0	0.0	B*46:01	0.0	1014.0	B*55:01	1.0	3041.0	0.0	C*15:02	0.0	0.0	C*15:02	0.0	0.0	0.0								DQA1*02:01	0.0	3188.0	DQA1*02:01	0.0	3188.0	0.0																					
GCGAGTAACGCATACAGCCAAGAC	A*24:357N	1.0	24067.0	A*24:357N	1.0	24067.0	0.5	B*51:01	0.0	0.0	B*39:01	1.0	24013.0	0.0	C*01:02	14.0	331711.0	C*03:04	0.0	0.0	0.0																																			
TATCAGCAACGCTCGAACGCTCGA	A*02:01	3.0	2382.0	A*24:33	2.0	1588.0	0.4	B*41:41	8.0	6411.0	B*54:01	8.0	6554.0	0.5	C*03:04	1023.0	808795.0	C*08:206	0.0		0.0																																			
ATCATTCCCGACTGGAGTACGCAA								B*44:286	0.0	6096.0	B*44:286	0.0	6096.0	0.0																						DQB1*03:276N	0.0	0.0	DQB1*03:276N	0.0	0.0	0.0														
CTCAATGAAGCAGGAAGCTCGGTA	A*01:01	1.0	9923.0	A*11:01	1.0	7442.0	0.5								C*05:51Q	2.0	13200.0	C*05:51Q	2.0	13200.0	0.5																																			
ACATTGGCACAGCAGACATCAAGT	A*68:188	2.0	7400.0	A*68:188	2.0	7400.0	0.5	B*44:470	0.0		B*08:01	2.0	9966.0	0.0	C*05:51Q	2.0	10000.0	C*05:51Q	2.0	10000.0	0.5								DQA1*03:01	1.0	7794.0	DQA1*03:03	2.0	15588.0	0.3333333333333333																					
TGAAGAGAACCACTGTCAGCGTTA								B*07:44N	0.0	0.0	B*07:44N	0.0	0.0	0.0																																										
AAGAGATCCTGTAGCCAAGGACAC	A*02:01	0.0	0.0	A*68:01	0.0	0.0	0.0	B*15:476	1.0	14038.0	B*15:476	1.0	14038.0	0.5	C*03:366N	0.0	0.0	C*03:366N	0.0	0.0	0.0								DQA1*03:03	1.0	21957.0	DQA1*02:01	1.0	22074.0	0.5																					
ACAGCAGACCTAATCCGCCAAGAC	A*23:01	0.0	0.0	A*24:02	0.0	0.0	0.0	B*18:01	1.0	4826.0	B*18:01	1.0	4826.0	0.5	C*15:02	0.0	0.0	C*15:02	0.0	0.0	0.0								DQA1*03:01	0.0	5033.0	DQA1*03:03	1.0	10065.0	0.0																					
CAATGGAACGAACTTACTGGCATA	A*68:159Q	0.0	0.0	A*68:159Q	0.0	0.0	0.0	B*08:148N	0.0	0.0	B*08:148N	0.0	0.0	0.0	C*06:16N	0.0	5450.0	C*06:16N	0.0	5450.0	0.0								DQA1*02:01	0.0	8665.0	DQA1*02:01	0.0	8665.0	0.0																					
AGCACCTCAACCGAGACGCATACA	A*02:01	1.0	7117.0	A*68:01	0.0	2264.0	0.0								C*02:02	0.0	0.0	C*02:02	0.0	0.0	0.0																																			
TTCACGCAAACGCTTACATACCAA								B*40:01	0.0	0.0	B*44:02	1.0	1635.0	0.0	C*03:509N	0.0		C*04:01	2.0	3227.0	0.0								DQA1*02:01	2.0	5143.0	DQA1*03:03	1.0	2558.0	0.3333333333333333	DQB1*03:01	1.0	1653.0	DQB1*03:116	0.0	826.0	0.0														
ATCATTCCAACTCACCTGGAACAA	A*02:19	4.0	3598.0	A*02:19	4.0	3598.0	0.5	B*13:02	8.0	8306.0	B*54:01	3.0	3115.0	0.2727272727272727	C*03:04	2.0	2561.0	C*03:04	2.0	2561.0	0.5								DQA1*03:03	2.0	3248.0	DQA1*03:04	1.0	1624.0	0.3333333333333333																					
CGCTGATCCAAGACTAATCCTGTA	A*30:78N	79.0	109344.0	A*30:78N	79.0	109344.0	0.5	B*15:146	4.0	4888.0	B*15:146	4.0	4888.0	0.5	C*03:03	4.0	5512.0	C*08:01	7.0	9646.0	0.36363636363636365								DQA1*06:01	1.0	2196.0	DQA1*06:01	1.0	2196.0	0.5	DQB1*03:276N	0.0	1238.0	DQB1*03:276N	0.0	1238.0	0.0														
CATACCAACAAGACTACTGAGCCA								B*13:01	0.0	1197.0	B*13:02	2.0	3990.0	0.0	C*06:02	1.0	2810.0	C*12:03	1.0	2308.0	0.5								DQA1*02:01	0.0	1203.0	DQA1*02:01	0.0	1203.0	0.0																					
AAGGTACACAGCGTTAACGCTCGA															C*15:02	0.0	0.0	C*15:02	0.0	0.0	0.0																																			
AAGACGGATGGTGGTACAAGGAGC								B*51:230	0.0	0.0	B*51:230	0.0	0.0	0.0															DQA1*02:01	1.0	39264.0	DQA1*02:01	1.0	39264.0	0.5																					
CGCTGATCGATAGACAACATTGGC	A*02:10	6.0	8290.0	A*30:01	3.0	4157.0	0.3333333333333333	B*13:01	25.0	34825.0	B*55:02	77.0	107958.0	0.24509803921568626	C*06:02	115.0	158833.0	C*06:02	115.0	158833.0	0.5								DQA1*03:02	0.0	728.0	DQA1*03:03	1.0	1455.0	0.0	DQB1*03:276N	1.0	1806.0	DQB1*03:276N	1.0	1806.0	0.5														
CGCTGATCAGCCATGCGTCGTAGA	A*68:159Q	0.0	4667.0	A*68:159Q	0.0	4667.0	0.0	B*07:44N	1.0	13972.0	B*07:44N	1.0	13972.0	0.5	C*06:16N	2.0	19724.0	C*06:16N	2.0	19724.0	0.5																																			
CTGGCATAAGGCTAACGATGAATC								B*54:01	2.0	16740.0	B*54:01	2.0	16740.0	0.5	C*03:366N	1.0	11148.0	C*03:366N	1.0	11148.0	0.5								DQA1*03:02	1.0	11638.0	DQA1*03:03	1.0	23275.0	0.5																					
ACAGCAGAAAGGTACACGCATACA	A*68:159Q	0.0	1279.0	A*68:159Q	0.0	1279.0	0.0	B*40:01	0.0	0.0	B*44:02	1.0	2575.0	0.0															DQA1*03:02	0.0	1342.0	DQA1*03:03	1.0	2685.0	0.0																					
GTCGTAGACTAAGGTCACAAGCTA	A*02:01	2.0	46100.0	A*68:01	0.0	15009.0	0.0																						DQA1*03:02	0.0	16092.0	DQA1*03:03	1.0	32183.0	0.0																					
