Chrom	Pos	Alleles	VID	CID	Gene	mRNA	Protein	COSMIC	nCell
1	114704958	C-T	1	731	NRAS	NM_002524:*3136G>A			1
1	114707701	G-C	2	152	NRAS	NM_002524:*393C>G			1
1	114713969	T-G	3	437	NRAS	exon3:A121C	R41R		1
1	114713974	G-A	4	384	NRAS	exon3:C116T	S39F		1
1	114716052	C-G	5	('385', '470', '497', '681', '768', '859')	NRAS	exon2:G109C	E37Q		6
1	114716056	G-A	6	679	NRAS	exon2:C105T	T35T		1
1	114716057	G-A	7	947	NRAS	exon2:C104T	T35I		1
1	114716071	A-G	8	325	NRAS	exon2:T90C	D30D		1
1	114716072	T-C	9	348	NRAS	exon2:A89G	D30G		1
1	114716075	A-C	10	462	NRAS	exon2:T86G	V29G		1
1	114716076	C-T	11	897	NRAS	exon2:G85A	V29I		1
1	114716078	A-C	12	955	NRAS	exon2:T83G	F28C		1
1	114716080	G-A	13	727	NRAS	exon2:C81T	H27H		1
1	114716081	T-C	14	764	NRAS	exon2:A80G	H27R		1
1	114716085	T-C	15	592	NRAS	exon2:A76G	N26D		1
1	114716090	AT-A	16	964	NRAS	exon2:70delA	I24fs		1
1	114716096	T-C	17	798	NRAS	exon2:A65G	Q22R		1
1	114716105	A-G	18	343	NRAS	exon2:T56C	L19P		1
1	114716116	C-T	19	951	NRAS	exon2:G45A	G15G		1
1	114716117	C-T	20	457	NRAS	exon2:G44A	G15E	ID=COSM33694;OCCURENCE=1(skin)	1
1	114716118	C-T	21	964	NRAS	exon2:G43A	G15R	ID=COSM1332937;OCCURENCE=1(large_intestine)	1
1	114716136	C-A	22	899	NRAS	exon2:G25T	V9F		1
1	114716136	C-T	23	207	NRAS	exon2:G25A	V9I		1
1	114716137	C-T	24	23	NRAS	exon2:G24A	V8V		1
1	114716139	C-T	25	822	NRAS	exon2:G22A	V8M		1
1	114716140	C-T	26	687	NRAS	exon2:G21A	V7V		1
1	114716141	A-G	27	('727', '861', '929')	NRAS	exon2:T20C	V7A		3
1	114716143	C-T	28	972	NRAS	exon2:G18A	L6L		1
1	114716148	T-C	29	947	NRAS	exon2:A13G	K5E		1
1	114716151	A-T	30	252	NRAS	exon2:T10A	Y4N		1
1	114716166	A-G	31	159	NRAS	NM_002524:-6T>C			1
11	532269	T-G	32	54	HRAS	c.*259A>C;NM_005343:*259A>C			1
11	532300	G-A	33	50	HRAS	c.*228C>T;NM_005343:*228C>T			1
11	532316	A-T	34	('47', '862')	HRAS	c.*212T>A;NM_005343:*212T>A			2
11	532327	T-G	35	('60', '313', '874')	HRAS	c.*201A>C;NM_005343:*201A>C			3
11	532330	C-A	36	864	HRAS	c.*198G>T;NM_005343:*198G>T			1
11	532351	A-G	37	163	HRAS	c.*177T>C;NM_005343:*177T>C			1
11	532355	A-C	38	715	HRAS	c.*173T>G;NM_005343:*173T>G			1
11	532363	C-T	39	12	HRAS	c.*165G>A;NM_005343:*165G>A			1
11	532364	A-G	40	10	HRAS	c.*164T>C;NM_005343:*164T>C			1
11	532373	C-T	41	138	HRAS	c.*155G>A;NM_005343:*155G>A			1
11	532389	T-C	42	682	HRAS	c.*139A>G;NM_005343:*139A>G			1
11	533918	A-G	43	901	HRAS	exon3:T138C	I46I		1
11	533943	T-G	44	853	HRAS	exon3:A113C	D38A		1
11	534227	G-A	45	828	HRAS	exon2:C96T	Y32Y	ID=COSM429141,COSM429140;OCCURENCE=1(breast)	1
11	534234	T-C	46	405	HRAS	exon2:A89G	D30G		1
11	534241	A-C	47	('427', '838', '938')	HRAS	exon2:T82G	F28V		3
11	534242	A-G	48	('36', '40', '47', '66', '67', '77', '89', '112', '128', '134', '184', '185', '215', '240', '301', '326', '339', '348', '390', '397', '400', '420', '483', '500', '513', '526', '550', '582', '596', '613', '616', '619', '640', '667', '701', '713', '726', '729', '733', '751', '752', '764', '780', '790', '835', '850', '896', '901', '917', '963', '970', '976')	HRAS	exon2:T81C	H27H	ID=COSM249860;OCCURENCE=1(large_intestine),25(urinary_tract),1(skin),1(thyroid)	52
11	534260	G-T	49	519	HRAS	exon2:C63A	I21I		1
11	534262	T-G	50	56	HRAS	exon2:A61C	I21L		1
11	534265	T-C	51	206	HRAS	exon2:A58G	T20A		1
11	534275	C-T	52	541	HRAS	exon2:G48A	K16K		1
11	534277	T-A	53	889	HRAS	exon2:A46T	K16X		1
11	534277	T-G	54	61	HRAS	exon2:A46C	K16Q		1
11	534294	CCCA-C	55	('500', '848')	HRAS	exon2:26_28del	9_10del		2
11	534297	A-C	56	130	HRAS	exon2:T26G	V9G		1
11	534309	T-C	57	532	HRAS	exon2:A14G	K5R		1
11	534313	A-C	58	916	HRAS	exon2:T10G	Y4D		1
11	534314	T-G	59	('347', '532', '750', '916')	HRAS	exon2:A9C	E3D		4
11	534317	C-A	60	862	HRAS	exon2:G6T	T2T		1
12	25209254	A-C	61	917	KRAS	c.*541T>G;NM_001369786:*662T>G			1
12	25225754	T-C	62	581	KRAS	exon4:A310G	K104E		1
12	25227254	A-T	63	747	KRAS	exon3:T270A	F90L		1
12	25227296	C-T	64	532	KRAS	exon3:G228A	E76E		1
12	25227299	C-G	65	532	KRAS	exon3:G225C	G75G		1
12	25227302	A-T	66	532	KRAS	exon3:T222A	T74T	ID=COSM1562191,COSM1562190;OCCURENCE=1(large_intestine)	1
12	25227314	C-T	67	532	KRAS	exon3:G210A	Q70Q		1
12	25227320	C-T	68	532	KRAS	exon3:G204A	R68R		1
12	25227325	T-G	69	('333', '575')	KRAS	exon3:A199C	M67L	ID=COSM329471;OCCURENCE=1(haematopoietic_and_lymphoid_tissue)	2
12	25227326	T-G	70	532	KRAS	exon3:A198C	A66A		1
12	25227331	T-C	71	69	KRAS	exon3:A193G	S65G		1
12	25227347	T-A	72	532	KRAS	exon3:A177T	A59A	ID=COSM1162236,COSM1162237;OCCURENCE=1(pancreas)	1
12	25227363	T-C	73	154	KRAS	exon3:A161G	D54G		1
12	25227378	T-C	74	257	KRAS	exon3:A146G	E49G		1
12	25245279	T-G	75	435	KRAS	exon2:A106C	I36L		1
12	25245283	T-C	76	734	KRAS	exon2:A102G	P34P		1
12	25245290	T-C	77	224	KRAS	exon2:A95G	Y32C		1
12	25245316	T-G	78	224	KRAS	exon2:A69C	L23L		1
12	25245330	A-G	79	937	KRAS	exon2:T55C	L19L		1
12	25245338	T-G	80	917	KRAS	exon2:A47C	K16T		1
12	25245346	G-A	81	405	KRAS	exon2:C39T	G13G	ID=COSM1152503,COSM536;OCCURENCE=2(large_intestine),1(pancreas),1(endometrium),3(haematopoietic_and_lymphoid_tissue)	1
12	25245349	A-C	82	468	KRAS	exon2:T36G	G12G	ID=COSM1159170;OCCURENCE=2(pancreas)	1
12	25245351	C-T	83	('10', '39', '41', '55', '58', '71', '74', '78', '100', '124', '126', '140', '149', '159', '179', '183', '196', '199', '200', '220', '226', '238', '242', '243', '249', '289', '310', '328', '343', '346', '367', '376', '390', '405', '427', '429', '432', '437', '446', '455', '473', '495', '504', '525', '542', '560', '563', '565', '575', '587', '588', '611', '621', '625', '635', '645', '646', '650', '653', '663', '668', '670', '673', '697', '721', '738', '745', '763', '772', '776', '780', '818', '824', '842', '848', '876', '885', '894', '910', '922', '923', '961', '970', '981')	KRAS	exon2:G34A	G12S	ID=COSM1152506,COSM517;OCCURENCE=11(small_intestine),4(skin),3(prostate),1037(large_intestine),65(biliary_tract),6(urinary_tract),91(pancreas),2(liver),1(soft_tissue),4(ovary),14(endometrium),18(thyroid),167(lung),1(penis),4(gastrointestinal_tract_(site_indeterminate)),14(cervix),1(testis),24(haematopoietic_and_lymphoid_tissue),8(stomach),2(oesophagus),7(upper_aerodigestive_tract)	84
12	25245352	A-C	84	307	KRAS	exon2:T33G	A11A		1
12	25245367	A-C	85	893	KRAS	exon2:T18G	L6L		1
12	25245379	A-G	86	788	KRAS	exon2:T6C	T2T		1
12	25245392	A-G	87	976	KRAS	c.-8T>C;NM_001369786:-8T>C			1
3	179218234	G-A	88	231	PIK3CA	exon10:G1564A	E522K	ID=COSM28540;OCCURENCE=2(thyroid),1(large_intestine)	1
3	179218239	A-G	89	817	PIK3CA	exon10:A1569G	L523L		1
3	179218244	A-G	90	66	PIK3CA	exon10:A1574G	E525G		1
3	179218245	A-G	91	730	PIK3CA	exon10:A1575G	E525E		1
3	179218256	A-G	92	676	PIK3CA	exon10:A1586G	E529G		1
3	179218257	A-G	93	156	PIK3CA	exon10:A1587G	E529E		1
3	179218272	T-C	94	26	PIK3CA	exon10:T1602C	I534I		1
3	179218276	A-G	95	730	PIK3CA	exon10:A1606G	T536A	ID=COSM1716553;OCCURENCE=1(large_intestine)	1
3	179230343	C-T	96	730	PIK3CA	exon20:C2903T	A968V		1
3	179230367	A-G	97	('47', '398')	PIK3CA	exon20:A2927G	E976G		2
3	179230368	A-G	98	('141', '712')	PIK3CA	exon20:A2928G	E976E		2
3	179230370	T-C	99	667	PIK3CA	exon20:T2930C	F977S		1
3	179230373	A-C	100	253	PIK3CA	exon20:A2933C	E978A		1
3	179233294	A-AG	101	470	PIK3CA				1
3	179234094	G-GT	102	208	PIK3CA	exon21:2938dupT	R979fs		1
3	179234097	T-C	103	163	PIK3CA	exon21:T2940C	F980F		1
3	179234102	A-C	104	379	PIK3CA	exon21:A2945C	E982A		1
3	179234107	T-C	105	614	PIK3CA	exon21:T2950C	C984R		1
3	179234113	A-G	106	855	PIK3CA	exon21:A2956G	K986E	ID=COSM1420917,COSM1420916;OCCURENCE=3(large_intestine)	1
3	179234115	G-A	107	66	PIK3CA	exon21:G2958A	K986K		1
3	179234127	T-C	108	300	PIK3CA	exon21:T2970C	A990A		1
3	179234135	A-C	109	25	PIK3CA	exon21:A2978C	Q993P		1
3	179234138	A-C	110	199	PIK3CA	exon21:A2981C	H994P		1
3	179234143	A-C	111	840	PIK3CA	exon21:A2986C	N996H		1
3	179234144	A-T	112	253	PIK3CA	exon21:A2987T	N996I		1
3	179234145	T-C	113	910	PIK3CA	exon21:T2988C	N996N		1
3	179234148	C-T	114	372	PIK3CA	exon21:C2991T	L997L		1
3	179234149	T-C	115	150	PIK3CA	exon21:T2992C	F998L		1
3	179234149	T-G	116	356	PIK3CA	exon21:T2992G	F998V		1
3	179234150	T-G	117	('391', '601')	PIK3CA	exon21:T2993G	F998C		2
3	179234153	T-C	118	912	PIK3CA	exon21:T2996C	I999T		1
3	179234156	A-G	119	658	PIK3CA	exon21:A2999G	N1000S		1
3	179234157	T-G	120	485	PIK3CA	exon21:T3000G	N1000K		1
3	179234159	T-A	121	343	PIK3CA	exon21:T3002A	L1001H	ID=COSM33598;OCCURENCE=1(thyroid)	1
3	179234160	T-C	122	289	PIK3CA	exon21:T3003C	L1001L		1
3	179234169	G-A	123	('134', '283')	PIK3CA	exon21:G3012A	M1004I	ID=COSM1420933,COSM1420934;OCCURENCE=2(breast),1(large_intestine)	2
3	179234171	T-C	124	795	PIK3CA	exon21:T3014C	M1005T		1
3	179234176	G-A	125	699	PIK3CA	exon21:G3019A	G1007S		1
3	179234181	T-C	126	('205', '372')	PIK3CA	exon21:T3024C	S1008S	ID=COSM1420940,COSM1420939;OCCURENCE=3(large_intestine)	2
3	179234184	A-G	127	163	PIK3CA	exon21:A3027G	G1009G	ID=COSM1420946,COSM1420945;OCCURENCE=1(large_intestine)	1
3	179234278	A-G	128	50	PIK3CA	exon21:A3121G	K1041E	ID=COSM1566552,COSM1566553;OCCURENCE=1(large_intestine)	1
7	140753302	T-C	129	878	BRAF	exon15:A1833G	E611E	ID=COSM1448585;OCCURENCE=1(large_intestine)	1
7	140753304	C-T	130	796	BRAF	exon15:G1831A	E611K		1
7	140753316	A-C	131	213	BRAF	exon15:T1819G	S607A		1
7	140753326	T-A	132	213	BRAF	exon15:A1809T	R603R		1
7	140753333	T-A	133	213	BRAF	exon15:A1802T	K601I	ID=COSM26491;OCCURENCE=1(skin)	1
7	140753334	T-C	134	969	BRAF	exon15:A1801G	K601E	ID=COSM478;OCCURENCE=20(skin),1(biliary_tract),6(large_intestine),1(ovary),1(endometrium),26(thyroid),3(lung),1(upper_aerodigestive_tract),5(NS)	1
7	140753335	C-T	135	419	BRAF	exon15:G1800A	V600V	ID=COSM249890;OCCURENCE=1(haematopoietic_and_lymphoid_tissue)	1
7	140753341	A-C	136	213	BRAF	exon15:T1794G	A598A		1
7	140753350	A-G	137	661	BRAF	exon15:T1785C	F595F	ID=COSM1448595;OCCURENCE=1(large_intestine)	1
7	140753369	G-A	138	94	BRAF	exon15:C1766T	T589I	ID=COSM21493;OCCURENCE=1(large_intestine)	1
7	140753381	T-C	139	94	BRAF	exon15:A1754G	H585R		1
7	140754082	T-G	140	241	BRAF				1
7	140754200	G-A	141	23	BRAF	exon14:C1728T	D576D		1
7	140781594	A-G	142	344	BRAF	exon11:T1414C	Y472H		1
7	140781596	A-C	143	510	BRAF	exon11:T1412G	V471G		1
7	140781596	A-T	144	793	BRAF	exon11:T1412A	V471D		1
7	140781601	T-G	145	780	BRAF	exon11:A1407C	G469G		1
7	140781606	A-C	146	537	BRAF	exon11:T1402G	F468V		1
7	140781620	A-C	147	664	BRAF	exon11:T1388G	I463S	ID=COSM448;OCCURENCE=1(large_intestine)	1
7	140781625	T-C	148	496	BRAF	exon11:A1383G	Q461Q		1
7	140781638	A-C	149	563	BRAF	exon11:T1370G	I457S		1
7	140781643	C-T	150	876	BRAF	exon11:G1365A	G455G		1
7	140781664	A-C	151	560	BRAF	exon11:T1344G	D448E		1
7	55163746	T-C	152	855	EGFR	exon8:T844C,exon13:T1510C,exon14:T1645C,exon14:T1486C	F282L,F504L,F549L,F496L		1
7	55173121	G-C	153	85	EGFR	exon11:G1257C,exon16:G1923C,exon17:G2058C,exon17:G1899C	R419S,R641S,R686S,R633S		1
7	55173934	T-A	154	974	EGFR	exon12:T1274A,exon17:T1940A,exon18:T2075A,exon18:T1916A	L425H,L647H,L692H,L639H		1
7	55173940	C-A	155	66	EGFR	exon12:C1280A,exon17:C1946A,exon18:C2081A,exon18:C1922A	P427H,P649H,P694H,P641H		1
7	55173944	T-C	156	352	EGFR	exon12:T1284C,exon17:T1950C,exon18:T2085C,exon18:T1926C	S428S,S650S,S695S,S642S	ID=COSM1451565;OCCURENCE=2(large_intestine)	1
7	55173972	A-G	157	99	EGFR	exon12:A1312G,exon17:A1978G,exon18:A2113G,exon18:A1954G	R438G,R660G,R705G,R652G	ID=COSM1238071;OCCURENCE=1(upper_aerodigestive_tract)	1
7	55173986	A-C	158	879	EGFR	exon12:A1326C,exon17:A1992C,exon18:A2127C,exon18:A1968C	E442D,E664D,E709D,E656D		1
7	55173993	T-C	159	85	EGFR	exon12:T1333C,exon17:T1999C,exon18:T2134C,exon18:T1975C	F445L,F667L,F712L,F659L	ID=COSM41603;OCCURENCE=2(lung)	1
7	55173995	C-CA	160	('25', '70', '185', '364', '493')	EGFR	exon12:1336dupA,exon17:2002dupA,exon18:2137dupA,exon18:1978dupA	F445fs,F667fs,F712fs,F659fs		5
7	55174000	A-G	161	('663', '889', '917')	EGFR	exon12:A1340G,exon17:A2006G,exon18:A2141G,exon18:A1982G	K447R,K669R,K714R,K661R		3
7	55174013	G-A	162	352	EGFR	exon12:G1353A,exon17:G2019A,exon18:G2154A,exon18:G1995A	L451L,L673L,L718L,L665L	ID=COSM1451576;OCCURENCE=2(large_intestine)	1
7	55174030	G-A	163	624	EGFR	exon12:G1370A,exon17:G2036A,exon18:G2171A,exon18:G2012A	G457D,G679D,G724D,G671D		1
7	55174036	T-G	164	635	EGFR	exon12:T1376G,exon17:T2042G,exon18:T2177G,exon18:T2018G	V459G,V681G,V726G,V673G		1
7	55174039	A-C	165	632	EGFR	exon12:A1379C,exon17:A2045C,exon18:A2180C,exon18:A2021C	Y460S,Y682S,Y727S,Y674S		1
7	55174732	T-C	166	93	EGFR	exon13:T1394C,exon18:T2060C,exon19:T2195C,exon19:T2036C	I465T,I687T,I732T,I679T	ID=COSM52931;OCCURENCE=1(lung)	1
7	55174747	A-G	167	228	EGFR	exon13:A1409G,exon18:A2075G,exon19:A2210G,exon19:A2051G	K470R,K692R,K737R,K684R		1
7	55174751	T-C	168	975	EGFR	exon13:T1413C,exon18:T2079C,exon19:T2214C,exon19:T2055C	V471V,V693V,V738V,V685V		1
7	55174754	A-G	169	('579', '975')	EGFR	exon13:A1416G,exon18:A2082G,exon19:A2217G,exon19:A2058G	K472K,K694K,K739K,K686K		2
7	55174759	C-T	170	449	EGFR	exon13:C1421T,exon18:C2087T,exon19:C2222T,exon19:C2063T	P474L,P696L,P741L,P688L	ID=COSM17570;OCCURENCE=1(skin),1(lung),2(central_nervous_system)	1
7	55174760	C-T	171	76	EGFR	exon13:C1422T,exon18:C2088T,exon19:C2223T,exon19:C2064T	P474P,P696P,P741P,P688P		1
7	55174775	A-G	172	('449', '687')	EGFR	exon13:A1437G,exon18:A2103G,exon19:A2238G,exon19:A2079G	E479E,E701E,E746E,E693E		2
7	55174778	A-G	173	22	EGFR	exon13:A1440G,exon18:A2106G,exon19:A2241G,exon19:A2082G	L480L,L702L,L747L,L694L		1
7	55174782	G-A	174	470	EGFR	exon13:G1444A,exon18:G2110A,exon19:G2245A,exon19:G2086A	E482K,E704K,E749K,E696K		1
7	55174786	C-T	175	540	EGFR	exon13:C1448T,exon18:C2114T,exon19:C2249T,exon19:C2090T	A483V,A705V,A750V,A697V		1
7	55174792	C-A	176	259	EGFR	exon13:C1454A,exon18:C2120A,exon19:C2255A,exon19:C2096A	S485Y,S707Y,S752Y,S699Y	ID=COSM13186;OCCURENCE=1(lung)	1
7	55174795	C-T	177	681	EGFR	exon13:C1457T,exon18:C2123T,exon19:C2258T,exon19:C2099T	P486L,P708L,P753L,P700L	ID=COSM1168015;OCCURENCE=1(oesophagus),1(large_intestine)	1
7	55174796	G-A	178	821	EGFR	exon13:G1458A,exon18:G2124A,exon19:G2259A,exon19:G2100A	P486P,P708P,P753P,P700P	ID=COSM18489;OCCURENCE=1(oesophagus),1(large_intestine)	1
7	55174796	G-C	179	867	EGFR	exon13:G1458C,exon18:G2124C,exon19:G2259C,exon19:G2100C	P486P,P708P,P753P,P700P		1
7	55174797	A-G	180	21	EGFR	exon13:A1459G,exon18:A2125G,exon19:A2260G,exon19:A2101G	K487E,K709E,K754E,K701E	ID=COSM85993;OCCURENCE=3(lung)	1
7	55174799	A-G	181	72	EGFR	exon13:A1461G,exon18:A2127G,exon19:A2262G,exon19:A2103G	K487K,K709K,K754K,K701K	ID=COSM22995;OCCURENCE=1(oesophagus)	1
7	55174801	C-T	182	427	EGFR	exon13:C1463T,exon18:C2129T,exon19:C2264T,exon19:C2105T	A488V,A710V,A755V,A702V		1
7	55174803	A-G	183	509	EGFR	exon13:A1465G,exon18:A2131G,exon19:A2266G,exon19:A2107G	N489D,N711D,N756D,N703D		1
7	55174804	A-C	184	885	EGFR	exon13:A1466C,exon18:A2132C,exon19:A2267C,exon19:A2108C	N489T,N711T,N756T,N703T		1
7	55174805	C-T	185	715	EGFR	exon13:C1467T,exon18:C2133T,exon19:C2268T,exon19:C2109T	N489N,N711N,N756N,N703N		1
7	55174807	A-T	186	95	EGFR	exon13:A1469T,exon18:A2135T,exon19:A2270T,exon19:A2111T	K490M,K712M,K757M,K704M	ID=COSM94183;OCCURENCE=1(lung)	1
7	55174808	G-A	187	290	EGFR	exon13:G1470A,exon18:G2136A,exon19:G2271A,exon19:G2112A	K490K,K712K,K757K,K704K		1
7	55181290	C-G	188	('376', '432', '505', '643', '699', '766')	EGFR-AS1				6
7	55181292	G-T	189	('1', '197', '324', '379', '404', '438', '462', '499', '525', '636', '877')	EGFR-AS1;EGFR	exon20:2125-1G>T			11
7	55181311	A-G	190	901	EGFR	exon14:A1501G,exon19:A2167G,exon20:A2302G,exon20:A2143G	S501G,S723G,S768G,S715G	ID=COSM1451595;OCCURENCE=1(large_intestine)	1
7	55181332	T-C	191	439	EGFR	exon14:T1522C,exon19:T2188C,exon20:T2323C,exon20:T2164C	C508R,C730R,C775R,C722R		1
7	55181347	A-G	192	332	EGFR	exon14:A1537G,exon19:A2203G,exon20:A2338G,exon20:A2179G	I513V,I735V,I780V,I727V		1
7	55181361	C-T	193	470	EGFR	exon14:C1551T,exon19:C2217T,exon20:C2352T,exon20:C2193T	S517S,S739S,S784S,S731S		1
7	55181370	G-A	194	('1', '4', '5', '6', '7', '8', '9', '10', '11', '12', '17', '18', '20', '21', '22', '23', '24', '25', '26', '27', '29', '31', '34', '35', '36', '38', '39', '40', '41', '42', '43', '44', '45', '46', '50', '51', '53', '54', '55', '56', '57', '58', '59', '61', '65', '66', '67', '68', '69', '71', '72', '74', '75', '76', '77', '78', '80', '85', '86', '89', '92', '93', '95', '96', '97', '98', '99', '100', '102', '103', '105', '107', '109', '110', '113', '114', '117', '119', '120', '122', '124', '125', '126', '128', '129', '130', '131', '134', '136', '138', '139', '140', '142', '144', '147', '148', '149', '150', '151', '152', '153', '157', '159', '161', '163', '164', '165', '166', '168', '169', '170', '171', '172', '173', '174', '175', '179', '182', '183', '185', '188', '191', '193', '196', '197', '199', '200', '202', '203', '206', '208', '209', '210', '211', '212', '213', '215', '217', '218', '219', '220', '221', '222', '223', '224', '226', '227', '228', '230', '231', '233', '234', '235', '238', '239', '240', '242', '243', '245', '246', '247', '249', '250', '252', '253', '255', '257', '259', '262', '271', '272', '273', '274', '275', '278', '279', '280', '281', '285', '286', '287', '288', '289', '290', '291', '295', '298', '299', '300', '301', '302', '303', '305', '306', '307', '308', '309', '310', '311', '313', '316', '318', '324', '325', '326', '328', '329', '331', '333', '335', '338', '339', '342', '343', '344', '345', '346', '347', '348', '349', '350', '352', '355', '356', '358', '359', '360', '361', '362', '363', '364', '366', '367', '370', '372', '376', '379', '382', '384', '385', '386', '387', '388', '390', '394', '396', '397', '399', '401', '402', '403', '404', '405', '409', '410', '411', '413', '417', '418', '419', '420', '423', '426', '427', '429', '430', '431', '432', '433', '434', '435', '436', '437', '438', '443', '446', '448', '449', '451', '455', '456', '460', '461', '462', '463', '464', '465', '466', '468', '470', '473', '476', '477', '478', '482', '483', '484', '485', '487', '488', '490', '493', '494', '495', '496', '497', '499', '502', '504', '505', '506', '507', '508', '509', '510', '513', '515', '516', '519', '521', '522', '525', '526', '527', '529', '530', '532', '534', '537', '539', '540', '541', '542', '543', '544', '545', '548', '550', '555', '558', '560', '561', '562', '563', '565', '566', '567', '568', '570', '571', '573', '575', '576', '577', '578', '579', '581', '586', '587', '588', '589', '590', '595', '597', '598', '600', '601', '602', '604', '606', '610', '611', '613', '614', '616', '617', '618', '619', '621', '624', '625', '627', '629', '631', '632', '635', '636', '637', '639', '642', '643', '644', '645', '646', '648', '650', '651', '653', '656', '657', '658', '659', '660', '661', '662', '663', '664', '667', '668', '669', '670', '671', '672', '673', '674', '675', '678', '679', '682', '687', '690', '691', '692', '693', '696', '697', '698', '699', '700', '701', '703', '705', '706', '707', '709', '710', '711', '713', '715', '716', '717', '721', '726', '727', '728', '729', '730', '731', '732', '733', '734', '737', '738', '739', '741', '744', '745', '746', '748', '749', '750', '752', '754', '756', '760', '762', '763', '764', '766', '768', '769', '772', '773', '777', '778', '779', '780', '781', '783', '784', '786', '787', '788', '789', '790', '791', '793', '795', '796', '797', '804', '805', '806', '808', '809', '810', '811', '813', '817', '818', '819', '821', '823', '824', '826', '827', '828', '829', '830', '831', '832', '833', '834', '835', '836', '838', '842', '843', '846', '848', '849', '850', '851', '852', '853', '854', '855', '858', '859', '860', '861', '862', '863', '864', '868', '869', '870', '871', '873', '874', '875', '876', '877', '878', '880', '882', '884', '885', '886', '888', '889', '894', '896', '897', '900', '902', '903', '905', '906', '907', '908', '909', '910', '913', '915', '916', '917', '918', '919', '922', '923', '925', '926', '927', '929', '930', '931', '932', '933', '934', '935', '938', '940', '944', '951', '954', '957', '958', '959', '961', '962', '963', '964', '965', '966', '968', '969', '970', '971', '972', '973', '974', '975', '976', '977', '978', '981', '982', '983', '984')	EGFR	exon14:G1560A,exon19:G2226A,exon20:G2361A,exon20:G2202A	Q520Q,Q742Q,Q787Q,Q734Q	ID=COSM1451600;OCCURENCE=1(large_intestine),1(breast)	610
7	55181378	C-T	195	('5', '6', '7', '8', '9', '11', '12', '18', '20', '22', '24', '29', '34', '35', '36', '40', '42', '45', '47', '50', '51', '53', '57', '61', '67', '76', '78', '85', '89', '92', '95', '97', '98', '99', '103', '109', '119', '120', '125', '128', '129', '131', '136', '141', '142', '150', '151', '165', '168', '171', '175', '185', '188', '191', '193', '197', '202', '203', '208', '209', '210', '213', '215', '217', '218', '221', '222', '227', '228', '231', '233', '252', '253', '255', '257', '262', '271', '273', '275', '279', '287', '295', '300', '302', '311', '313', '318', '324', '326', '331', '338', '339', '344', '347', '348', '350', '352', '355', '358', '360', '361', '372', '382', '385', '386', '396', '397', '401', '402', '404', '409', '418', '420', '426', '430', '431', '434', '435', '443', '449', '451', '456', '461', '463', '464', '465', '468', '470', '478', '482', '483', '484', '485', '488', '493', '496', '497', '502', '505', '506', '509', '510', '513', '515', '516', '519', '522', '526', '527', '530', '532', '534', '537', '539', '540', '541', '550', '558', '562', '566', '567', '573', '576', '577', '579', '581', '595', '602', '610', '613', '616', '617', '618', '619', '624', '627', '631', '632', '642', '643', '644', '651', '659', '661', '662', '664', '667', '671', '672', '675', '679', '681', '687', '690', '692', '693', '701', '703', '705', '707', '711', '715', '717', '727', '729', '732', '733', '734', '737', '739', '746', '754', '762', '766', '768', '773', '777', '778', '779', '781', '783', '784', '789', '790', '793', '795', '797', '805', '806', '809', '810', '811', '813', '814', '819', '823', '830', '833', '834', '835', '843', '850', '851', '852', '854', '855', '859', '861', '862', '863', '864', '875', '878', '880', '884', '896', '897', '900', '907', '909', '913', '915', '916', '917', '919', '926', '927', '931', '932', '933', '957', '958', '959', '962', '963', '964', '966', '969', '971', '972', '976', '982', '984')	EGFR	exon14:C1568T,exon19:C2234T,exon20:C2369T,exon20:C2210T	T523M,T745M,T790M,T737M	ID=COSM6240;OCCURENCE=1(biliary_tract),1(large_intestine),1(soft_tissue),341(lung),2(upper_aerodigestive_tract),1(central_nervous_system)	283
7	55181383	C-T	196	269	EGFR	exon14:C1573T,exon19:C2239T,exon20:C2374T,exon20:C2215T	L525F,L747F,L792F,L739F		1
7	55181391	C-G	197	732	EGFR	exon14:C1581G,exon19:C2247G,exon20:C2382G,exon20:C2223G	P527P,P749P,P794P,P741P		1
7	55181391	C-T	198	855	EGFR	exon14:C1581T,exon19:C2247T,exon20:C2382T,exon20:C2223T	P527P,P749P,P794P,P741P		1
7	55181398	T-C	199	201	EGFR	exon14:T1588C,exon19:T2254C,exon20:T2389C,exon20:T2230C	C530R,C752R,C797R,C744R		1
7	55181409	C-T	200	796	EGFR	exon14:C1599T,exon19:C2265T,exon20:C2400T,exon20:C2241T	D533D,D755D,D800D,D747D		1
7	55181425	A-T	201	680	EGFR	exon14:A1615T,exon19:A2281T,exon20:A2416T,exon20:A2257T	K539X,K761X,K806X,K753X		1
7	55181426	A-C	202	585	EGFR	exon14:A1616C,exon19:A2282C,exon20:A2417C,exon20:A2258C	K539T,K761T,K806T,K753T		1
7	55181427	A-T	203	585	EGFR	exon14:A1617T,exon19:A2283T,exon20:A2418T,exon20:A2259T	K539N,K761N,K806N,K753N		1
7	55181437	G-A	204	469	EGFR	exon14:G1627A,exon19:G2293A,exon20:G2428A,exon20:G2269A	G543S,G765S,G810S,G757S	ID=COSM13192;OCCURENCE=2(lung)	1
7	55181447	A-G	205	228	EGFR	exon14:A1637G,exon19:A2303G,exon20:A2438G,exon20:A2279G	Y546C,Y768C,Y813C,Y760C	ID=COSM22952;OCCURENCE=1(large_intestine),1(upper_aerodigestive_tract)	1
7	55181456	A-C	206	544	EGFR	exon14:A1646C,exon19:A2312C,exon20:A2447C,exon20:A2288C	N549T,N771T,N816T,N763T		1
7	55181460	G-A	207	540	EGFR	exon14:G1650A,exon19:G2316A,exon20:G2451A,exon20:G2292A	W550X,W772X,W817X,W764X		1
7	55181469	G-A	208	795	EGFR	exon14:G1659A,exon19:G2325A,exon20:G2460A,exon20:G2301A	Q553Q,Q775Q,Q820Q,Q767Q		1
7	55191751	G-A	209	772	EGFR	exon15:G1701A,exon20:G2367A,exon21:G2502A,exon21:G2343A	V567V,V789V,V834V,V781V		1
7	55191771	G-A	210	369	EGFR	exon15:G1721A,exon20:G2387A,exon21:G2522A,exon21:G2363A	R574K,R796K,R841K,R788K	ID=COSM20893;OCCURENCE=1(prostate),1(lung)	1
7	55191788	A-G	211	337	EGFR	exon15:A1738G,exon20:A2404G,exon21:A2539G,exon21:A2380G	T580A,T802A,T847A,T794A	ID=COSM1451610;OCCURENCE=1(large_intestine)	1
7	55191795	A-T	212	486	EGFR	exon15:A1745T,exon20:A2411T,exon21:A2546T,exon21:A2387T	Q582L,Q804L,Q849L,Q796L		1
7	55191797	C-T	213	32	EGFR	exon15:C1747T,exon20:C2413T,exon21:C2548T,exon21:C2389T	H583Y,H805Y,H850Y,H797Y	ID=COSM211635;OCCURENCE=1(peritoneum)	1
7	55191822	T-G	214	('5', '6', '8', '9', '11', '12', '18', '20', '22', '24', '29', '34', '35', '36', '40', '42', '45', '47', '50', '51', '53', '61', '67', '76', '78', '85', '89', '92', '95', '97', '98', '99', '103', '109', '119', '125', '128', '129', '131', '136', '141', '142', '150', '151', '165', '168', '171', '175', '185', '188', '191', '193', '197', '201', '209', '210', '213', '215', '217', '218', '221', '222', '227', '228', '231', '233', '252', '253', '255', '257', '262', '271', '273', '275', '279', '295', '300', '302', '311', '313', '318', '324', '326', '331', '338', '339', '344', '347', '348', '350', '352', '355', '360', '361', '372', '382', '385', '386', '396', '397', '409', '418', '420', '426', '430', '431', '434', '435', '443', '449', '451', '456', '459', '461', '463', '464', '465', '470', '478', '482', '483', '485', '493', '496', '497', '502', '506', '509', '510', '513', '515', '516', '519', '522', '526', '527', '530', '532', '534', '539', '540', '541', '558', '562', '566', '573', '576', '577', '579', '581', '595', '602', '610', '613', '616', '617', '618', '619', '624', '627', '631', '632', '642', '643', '644', '651', '655', '661', '662', '664', '667', '671', '672', '675', '679', '687', '690', '692', '701', '703', '705', '707', '715', '717', '727', '729', '732', '733', '734', '737', '739', '746', '754', '762', '766', '768', '773', '777', '778', '779', '781', '783', '784', '789', '790', '793', '795', '797', '805', '806', '809', '810', '813', '819', '823', '830', '834', '835', '843', '850', '852', '854', '855', '859', '861', '862', '863', '864', '875', '878', '880', '884', '896', '897', '900', '907', '909', '913', '915', '916', '919', '926', '927', '931', '932', '933', '957', '958', '959', '963', '964', '966', '969', '971', '972', '976', '982', '984')	EGFR	exon15:T1772G,exon20:T2438G,exon21:T2573G,exon21:T2414G	L591R,L813R,L858R,L805R	ID=COSM6224;OCCURENCE=12(breast),2(large_intestine),1(prostate),1(ovary),2138(lung),1(peritoneum),4(thyroid),1(thymus),1(stomach),1(upper_aerodigestive_tract)	258
7	55191834	T-A	215	928	EGFR	exon15:T1784A,exon20:T2450A,exon21:T2585A,exon21:T2426A	L595Q,L817Q,L862Q,L809Q	ID=COSM96398;OCCURENCE=1(upper_aerodigestive_tract)	1
7	55191837	G-A	216	705	EGFR	exon15:G1787A,exon20:G2453A,exon21:G2588A,exon21:G2429A	G596D,G818D,G863D,G810D	ID=COSM14070;OCCURENCE=1(lung),1(upper_aerodigestive_tract),1(thymus),1(stomach),1(prostate)	1
7	55191846	A-G	217	('775', '820')	EGFR	exon15:A1796G,exon20:A2462G,exon21:A2597G,exon21:A2438G	E599G,E821G,E866G,E813G	ID=COSM53230;OCCURENCE=1(ovary),1(large_intestine)	2
7	55191859	T-C	218	155	EGFR	exon15:T1809C,exon20:T2475C,exon21:T2610C,exon21:T2451C	H603H,H825H,H870H,H817H		1
7	55191860	G-A	219	929	EGFR	exon15:G1810A,exon20:G2476A,exon21:G2611A,exon21:G2452A	A604T,A826T,A871T,A818T	ID=COSM28605;OCCURENCE=3(lung)	1
7	55191862	A-G	220	785	EGFR	exon15:A1812G,exon20:A2478G,exon21:A2613G,exon21:A2454G	A604A,A826A,A871A,A818A		1
7	55191866	G-A	221	179	EGFR	exon15:G1816A,exon20:G2482A,exon21:G2617A,exon21:G2458A	G606R,G828R,G873R,G820R		1
7	55192770	C-A	222	941	EGFR	exon16:C1829A,exon21:C2495A,exon22:C2630A,exon22:C2471A	P610H,P832H,P877H,P824H		1
7	55192773	T-C	223	899	EGFR	exon16:T1832C,exon21:T2498C,exon22:T2633C,exon22:T2474C	I611T,I833T,I878T,I825T		1
7	55192782	T-C	224	380	EGFR	exon16:T1841C,exon21:T2507C,exon22:T2642C,exon22:T2483C	M614T,M836T,M881T,M828T		1
7	55192796	A-T	225	('4', '938')	EGFR	exon16:A1855T,exon21:A2521T,exon22:A2656T,exon22:A2497T	I619F,I841F,I886F,I833F		2
7	55192797	T-C	226	269	EGFR	exon16:T1856C,exon21:T2522C,exon22:T2657C,exon22:T2498C	I619T,I841T,I886T,I833T		1
7	55192798	T-C	227	676	EGFR	exon16:T1857C,exon21:T2523C,exon22:T2658C,exon22:T2499C	I619I,I841I,I886I,I833I		1
7	55192802	C-A	228	513	EGFR	exon16:C1861A,exon21:C2527A,exon22:C2662A,exon22:C2503A	H621N,H843N,H888N,H835N		1
7	55192803	A-C	229	933	EGFR	exon16:A1862C,exon21:A2528C,exon22:A2663C,exon22:A2504C	H621P,H843P,H888P,H835P		1
7	55192803	A-G	230	605	EGFR	exon16:A1862G,exon21:A2528G,exon22:A2663G,exon22:A2504G	H621R,H843R,H888R,H835R		1
7	55192803	A-T	231	274	EGFR	exon16:A1862T,exon21:A2528T,exon22:A2663T,exon22:A2504T	H621L,H843L,H888L,H835L		1
7	55198724	T-C	232	('100', '243', '542', '916', '957')	EGFR	exon17:T1908C,exon22:T2574C,exon23:T2709C,exon23:T2550C	T636T,T858T,T903T,T850T		5
7	55205451	A-C	233	716	EGFR	exon22:A2666C,exon27:A3332C,exon28:A3308C,exon28:A3467C	H889P,H1111P,H1103P,H1156P		1
7	55205510	T-C	234	495	EGFR	exon22:T2725C,exon27:T3391C,exon28:T3367C,exon28:T3526C	F909L,F1131L,F1123L,F1176L		1
7	55205515	T-C	235	46	EGFR	exon22:T2730C,exon27:T3396C,exon28:T3372C,exon28:T3531C	F910F,F1132F,F1124F,F1177F		1
7	55205517	C-A	236	961	EGFR	exon22:C2732A,exon27:C3398A,exon28:C3374A,exon28:C3533A	P911H,P1133H,P1125H,P1178H		1
7	55205524	A-G	237	255	EGFR	exon22:A2739G,exon27:A3405G,exon28:A3381G,exon28:A3540G	E913E,E1135E,E1127E,E1180E		1
7	55205529	A-G	238	388	EGFR	exon22:A2744G,exon27:A3410G,exon28:A3386G,exon28:A3545G	K915R,K1137R,K1129R,K1182R		1
7	55205553	C-A	239	590	EGFR	exon22:C2768A,exon27:C3434A,exon28:C3410A,exon28:C3569A	S923Y,S1145Y,S1137Y,S1190Y		1
7	55205565	A-G	240	390	EGFR	exon22:A2780G,exon27:A3446G,exon28:A3422G,exon28:A3581G	N927S,N1149S,N1141S,N1194S		1
7	55205592	A-C	241	432	EGFR	exon22:A2807C,exon27:A3473C,exon28:A3449C,exon28:A3608C	Q936P,Q1158P,Q1150P,Q1203P		1
7	55205593	A-C	242	('130', '858')	EGFR	exon22:A2808C,exon27:A3474C,exon28:A3450C,exon28:A3609C	Q936H,Q1158H,Q1150H,Q1203H		2
7	55205594	A-T	243	80	EGFR	exon22:A2809T,exon27:A3475T,exon28:A3451T,exon28:A3610T	S937C,S1159C,S1151C,S1204C		1
7	55205599	T-A	244	754	EGFR	exon22:T2814A,exon27:T3480A,exon28:T3456A,exon28:T3615A	S938R,S1160R,S1152R,S1205R		1
7	55205607	T-G	245	46	EGFR	exon22:T2822G,exon27:T3488G,exon28:T3464G,exon28:T3623G	I941S,I1163S,I1155S,I1208S		1
7	55205780	G-A	246	231	EGFR	c.*163G>A;NM_001346900:*163G>A			1
7	55205781	G-A	247	923	EGFR	c.*164G>A;NM_001346900:*164G>A			1
7	55205788	T-A	248	754	EGFR	c.*171T>A;NM_001346900:*171T>A			1
7	55205791	G-A	249	('85', '231')	EGFR	c.*174G>A;NM_001346900:*174G>A			2
7	55205793	G-A	250	279	EGFR	c.*176G>A;NM_001346900:*176G>A			1
7	55205797	T-C	251	925	EGFR	c.*180T>C;NM_001346900:*180T>C			1
7	55205827	A-G	252	940	EGFR	c.*210A>G;NM_001346900:*210A>G			1
7	55205856	T-A	253	217	EGFR	c.*239T>A;NM_001346900:*239T>A			1
7	55205863	T-A	254	756	EGFR	c.*246T>A;NM_001346900:*246T>A			1
7	55205875	T-A	255	242	EGFR	c.*258T>A;NM_001346900:*258T>A			1
7	55205879	C-A	256	60	EGFR	c.*262C>A;NM_001346900:*262C>A			1
7	55205883	C-A	257	970	EGFR	c.*266C>A;NM_001346900:*266C>A			1
7	55205896	T-C	258	913	EGFR	c.*279T>C;NM_001346900:*279T>C			1
7	55205897	T-C	259	('122', '166', '185', '281', '470', '859', '875')	EGFR	c.*280T>C;NM_001346900:*280T>C			7
